index	family	segments_loaded	verified_unchanged	re_indexed	tombstoned	keymap_dropped	docs_estimate
lunaris_cwd_a4d1267fe4e2117d_chunks_idx	chunks	5	5000	17211	0	118	22211
lunaris_git_71c057fb53b456ed_chunks_idx	chunks	1	3524	13508	10146	20681	20681
lunaris_cwd_7a1d7d5ae4aab997_chunks_idx	chunks	0	0	1	0	18376	18376
lunaris_git_d8da1d131da46348_chunks_idx	chunks	2	3862	13494	4892	13774	17356
lunaris_git_23d602de8bfadbe0_chunks_idx	chunks	1	528	4468	472	10002	10002
lunaris_git_5da6a66d34734f94_chunks_idx	chunks	0	2000	7261	0	9201	9261
lunaris_git_6ecec5711de3e662_chunks_idx	chunks	0	0	0	0	9194	9194
lunaris_git_ecda8331c5af19c0_chunks_idx	chunks	0	0	8450	0	8390	8450
lunaris_cwd_9445d7f7c16fcd24_chunks_idx	chunks	2	2000	5859	0		7859
lunaris_git_7b918805e1f716ec_chunks_idx	chunks	0	0	2	0	6539	6539
lunaris_cwd_2a94bd38fff2ab4b_chunks_idx	chunks	0	0	0	0	5609	5609
lunaris_git_22cbcaf494b62672_chunks_idx	chunks	1	1000	4562	0	6	5562
lunaris_git_5fe58e193dd2b6ca_chunks_idx	chunks	0	0	0	0	5322	5322
lunaris_git_b992747cc854b738_chunks_idx	chunks	0	0	0	0	5105	5105
lunaris_git_977e8a3babd98c8e_chunks_idx	chunks	0	0	1	0	4764	4764
lunaris_git_4be7706bf8272e2b_chunks_idx	chunks	1	1000	3524	0	15	4524
lunaris_git_8aa243ac64090686_chunks_idx	chunks	0	0	0	0	4451	4451
lunaris_git_865d731c7f0c7f55_chunks_idx	chunks	0	0	1359	0	4307	4307
lunaris_git_c7a6943241865507_chunks_idx	chunks	0	0	4244	0	3160	4244
lunaris_git_1d8c773bb4fa16cf_chunks_idx	chunks	0	0	3932	0	3928	3932
lunaris_git_01690b0af63f8573_chunks_idx	chunks	0	0	0	0	3923	3923
lunaris_git_52b2010830ec370e_chunks_idx	chunks	0	0	3527	0	3512	3527
lunaris_git_ae75eeb18a575f12_chunks_idx	chunks	0	0	3410	0	3405	3410
lunaris_cwd_7a1d7d5ae4aab997_communities_idx	communities	0	0	0	0	3218	3218
lunaris_git_b166e5c237823457_chunks_idx	chunks	0	0	2818	0	2791	2818
lunaris_cwd_42c3c1a9b88bad34_chunks_idx	chunks	0	0	0	0	2809	2809
lunaris_git_3b8ecee79daecc8a_chunks_idx	chunks	0	0	0	0	2419	2419
lunaris_git_8531f2507b981384_chunks_idx	chunks	0	2000	389	0	2388	2389
lunaris_git_556eb0ffa6d1bfc0_chunks_idx	chunks	0	0	2372	0	2355	2372
lunaris_git_24d72dea0ee0c330_chunks_idx	chunks	0	0	0	0	2271	2271
lunaris_git_70ed76fc122da418_chunks_idx	chunks	0	0	2260	0	1967	2260
lunaris_git_a0213726dff322ca_chunks_idx	chunks	0	0	2232	0	2232	2232
lunaris_git_d8da1d131da46348_communities_idx	communities	0	0	1330	0	2227	2227
lunaris_git_865d731c7f0c7f55_communities_idx	communities	0	0	0	0	2123	2123
lunaris_git_53a27986f1a30f87_chunks_idx	chunks	0	0	0	0	2106	2106
lunaris_git_0318b9d9d17a29ef_chunks_idx	chunks	0	635	1434	0	2059	2069
lunaris_git_497c7c5cd62b8a3d_chunks_idx	chunks	0	0	2037	0	1989	2037
lunaris_git_8b87896039322ae4_chunks_idx	chunks	0	0	1	0	2034	2034
lunaris_git_6ecec5711de3e662_communities_idx	communities	0	0	0	0	2032	2032
lunaris_git_2f83e1cb6436ffb3_chunks_idx	chunks	0	0	1954	0	1918	1954
lunaris_git_03b1ab7223407054_chunks_idx	chunks	0	0	1921	0	1921	1921
lunaris_git_0e23658dd100d57a_chunks_idx	chunks	0	0	1916	0	1905	1916
lunaris_cwd_c867f50fd818b4fc_chunks_idx	chunks	0	0	0	0	1868	1868
lunaris_git_5e0c2c829e1b5dd2_chunks_idx	chunks	0	0	1852	0	1848	1852
lunaris_git_114365b489ab4790_chunks_idx	chunks	0	0	1839	0	1839	1839
lunaris_git_fc8fbaeb3b6bba11_chunks_idx	chunks	0	0	1811	0	1721	1811
lunaris_git_9825745df72647f6_chunks_idx	chunks	0	0	0	0	1741	1741
lunaris_git_f9ecf2c191efab33_chunks_idx	chunks	0	0	1725	0	1710	1725
lunaris_git_f8e4ee15b0096379_chunks_idx	chunks	0	0	1714	0	1713	1714
lunaris_git_bcb5e6e2c3d246ae_chunks_idx	chunks	0	0	1711	0	1688	1711
lunaris_git_7b918805e1f716ec_communities_idx	communities	0	0	0	0	1651	1651
lunaris_git_771db5b90fbc6813_chunks_idx	chunks	0	0	1632	0	1632	1632
lunaris_git_2587004260ecf1f7_chunks_idx	chunks	0	0	0	0	1623	1623
lunaris_cwd_da56b25d901742eb_chunks_idx	chunks	0	0	0	0	1592	1592
lunaris_git_ae8d1a9fa093f0df_chunks_idx	chunks	0	1000	583	0	1203	1583
lunaris_git_8958a4d58cfd9e6d_chunks_idx	chunks	0	0	1554	0	1554	1554
lunaris_git_e8f57d89d1abe776_chunks_idx	chunks	0	0	0	0	1550	1550
lunaris_git_0d1f9545deef7137_chunks_idx	chunks	0	0	1528	0	1528	1528
lunaris_git_b992747cc854b738_communities_idx	communities	0	0	0	0	1472	1472
lunaris_git_7309c08c6c48d974_chunks_idx	chunks	0	0	0	0	1451	1451
lunaris_git_977e8a3babd98c8e_communities_idx	communities	0	0	0	0	1446	1446
lunaris_git_bec0369ab13b0550_chunks_idx	chunks	0	0	1416	0	1416	1416
lunaris_git_c0560b02b80aee38_chunks_idx	chunks	0	0	1411	0	1410	1411
lunaris_git_b0996af93adea9e8_chunks_idx	chunks	0	0	1411	0	1393	1411
lunaris_git_2d517259c97fec9d_chunks_idx	chunks	0	1000	359	0	1352	1359
lunaris_git_8aa243ac64090686_communities_idx	communities	0	0	0	0	1357	1357
lunaris_git_3c548b789f7f5721_chunks_idx	chunks	0	0	1334	0	1334	1334
lunaris_git_f051574209cd4528_chunks_idx	chunks	0	0	1323	0	1323	1323
lunaris_git_da4ede47ff621dc3_chunks_idx	chunks	0	0	0	0	1317	1317
lunaris_cwd_2a94bd38fff2ab4b_communities_idx	communities	0	0	1	0	1307	1307
lunaris_git_5606c538dad518d1_chunks_idx	chunks	0	0	0	0	1300	1300
lunaris_git_655abc867e013604_chunks_idx	chunks	0	0	0	0	1270	1270
lunaris_git_837eac5c7efa2bbe_chunks_idx	chunks	0	0	1243	0	1179	1243
lunaris_git_ca4742d3a62a5083_chunks_idx	chunks	0	1000	233	0	1209	1233
lunaris_git_c2f8c5a05deca78a_chunks_idx	chunks	0	0	0	0	1229	1229
lunaris_git_be21cef44e962ac7_chunks_idx	chunks	0	0	0	0	1229	1229
lunaris_git_01690b0af63f8573_communities_idx	communities	0	0	0	0	1200	1200
lunaris_git_8312b6443bf55088_communities_idx	communities	0	0	0	0	1176	1176
lunaris_git_5fe58e193dd2b6ca_communities_idx	communities	0	0	0	0	1168	1168
lunaris_git_177fee7e179084fb_chunks_idx	chunks	0	0	0	0	1163	1163
lunaris_git_bdbecefeb10a87e7_chunks_idx	chunks	0	0	0	0	1088	1088
lunaris_git_8c0d7fad0073b566_chunks_idx	chunks	0	1000	86	0	1086	1086
lunaris_git_1eb7cfce77527a29_chunks_idx	chunks	0	0	0	0	1079	1079
lunaris_git_561ca05c0d24bd38_chunks_idx	chunks	0	0	0	0	1069	1069
lunaris_git_a72624b42d663ea0_chunks_idx	chunks	0	0	1055	0	1055	1055
lunaris_git_93bcc1bc428e44da_chunks_idx	chunks	0	0	0	0	1046	1046
lunaris_git_548f7073ba17a861_chunks_idx	chunks	0	0	1039	0	1039	1039
lunaris_git_2d80a29f1c4df565_chunks_idx	chunks	0	0	1035	0	1035	1035
lunaris_git_c8de4ed955fa5c59_chunks_idx	chunks	0	0	0	0	1033	1033
lunaris_git_e2ae63e7f4c6d401_chunks_idx	chunks	0	0	1027	0	1027	1027
lunaris_git_91a856df9b20ba26_chunks_idx	chunks	0	0	0	0	993	993
lunaris_git_4896409bfd46b913_chunks_idx	chunks	0	0	967	0	967	967
lunaris_git_4519583cf5993fd7_chunks_idx	chunks	0	0	965	0	965	965
lunaris_git_a8c28e2ad35ec863_chunks_idx	chunks	0	0	0	0	943	943
lunaris_git_794ee5ebb4430d0d_chunks_idx	chunks	0	0	0	0	935	935
lunaris_git_36567f9192db4b22_chunks_idx	chunks	0	0	892	0	892	892
lunaris_git_42ef5f1f386e098f_chunks_idx	chunks	0	0	886	0	886	886
lunaris_git_330db261455e5faf_chunks_idx	chunks	0	0	0	0	856	856
lunaris_cwd_4b1a451f6f42d02e_communities_idx	communities	0	0	49	0	848	848
lunaris_cwd_42c3c1a9b88bad34_communities_idx	communities	0	0	0	0	846	846
lunaris_git_048373a4276d2982_chunks_idx	chunks	0	0	842	0	842	842
lunaris_git_8f35665f7aa37d28_chunks_idx	chunks	0	0	0	0	842	842
lunaris_git_a4c6c7d1cd45c89c_chunks_idx	chunks	0	0	840	0	840	840
lunaris_git_13e6ecf499f7df21_chunks_idx	chunks	0	0	798	0	798	798
lunaris_git_82ff1a2e4b154d39_chunks_idx	chunks	0	0	791	0	791	791
lunaris_git_e4f9315686d26d36_chunks_idx	chunks	0	606	184	0	790	790
lunaris_git_199a4959e71477a2_chunks_idx	chunks	0	0	0	0	787	787
lunaris_git_f51f22543db97a2c_chunks_idx	chunks	0	0	1	0	784	784
lunaris_git_b9d5671faf22564e_chunks_idx	chunks	0	0	0	0	782	782
lunaris_git_24d72dea0ee0c330_communities_idx	communities	0	0	0	0	778	778
lunaris_git_9ec042288ac8e040_chunks_idx	chunks	0	0	0	0	765	765
lunaris_git_c94fb7cceadf208c_chunks_idx	chunks	0	0	763	0	763	763
lunaris_git_554602c012210a20_chunks_idx	chunks	0	0	0	0	757	757
lunaris_git_53a27986f1a30f87_communities_idx	communities	0	0	0	0	757	757
lunaris_git_c1121494229ce225_chunks_idx	chunks	0	0	729	0	729	729
lunaris_git_9825745df72647f6_communities_idx	communities	0	0	0	0	726	726
lunaris_git_bbffd2f5c3d994bc_chunks_idx	chunks	0	0	724	0	724	724
lunaris_git_3b8ecee79daecc8a_communities_idx	communities	0	0	0	0	724	724
lunaris_git_5f607039124204d8_chunks_idx	chunks	0	0	709	0	709	709
lunaris_git_a5e3bf6083b2165a_chunks_idx	chunks	0	0	0	0	704	704
lunaris_git_2b84f31d9c0b4e02_chunks_idx	chunks	0	0	0	0	688	688
lunaris_git_5216a8dfb9ba72ac_chunks_idx	chunks	0	0	0	0	663	663
lunaris_git_16349f6519c5e759_chunks_idx	chunks	0	0	660	0	660	660
lunaris_git_afa86b8ffbb37145_chunks_idx	chunks	0	0	0	0	658	658
lunaris_git_05521f4c3f53039e_chunks_idx	chunks	0	0	1	0	658	658
lunaris_git_5524e7c7360fdb14_chunks_idx	chunks	0	0	652	0	652	652
lunaris_git_568d6dcc1926c5be_chunks_idx	chunks	0	0	651	0	651	651
lunaris_git_c08dc71885f7b29e_chunks_idx	chunks	0	0	0	0	644	644
lunaris_git_2587004260ecf1f7_communities_idx	communities	0	0	0	0	637	637
lunaris_git_2dea1afbfbf29bc9_chunks_idx	chunks	0	0	632	0	632	632
lunaris_git_1b721d2ff2bf8f46_chunks_idx	chunks	0	602	30	0	632	632
lunaris_git_771db5b90fbc6813_communities_idx	communities	0	0	624	0	624	624
lunaris_git_8b87896039322ae4_communities_idx	communities	0	0	0	0	622	622
lunaris_git_655abc867e013604_communities_idx	communities	0	0	0	0	543	543
lunaris_git_9f20f8de76007407_communities_idx	communities	0	0	0	0	537	537
lunaris_git_71c057fb53b456ed_communities_idx	communities	0	0	260	0	521	521
lunaris_git_0318b9d9d17a29ef_communities_idx	communities	0	360	139	0	499	499
lunaris_git_e8f57d89d1abe776_communities_idx	communities	0	0	0	0	494	494
lunaris_cwd_4b1a451f6f42d02e_chunks_idx	chunks	0	0	208	0	475	475
lunaris_git_8958a4d58cfd9e6d_communities_idx	communities	0	0	463	0	463	463
lunaris_git_bec0369ab13b0550_communities_idx	communities	0	0	455	0	455	455
lunaris_git_23d602de8bfadbe0_communities_idx	communities	0	0	269	0	447	447
lunaris_git_b0996af93adea9e8_communities_idx	communities	0	0	1	0	439	439
lunaris_git_7309c08c6c48d974_communities_idx	communities	0	0	0	0	397	397
lunaris_git_6588580bd93961dc_chunks_idx	chunks	0	0	6	0	6	6
lunaris_git_a1fc568473606a9b_chunks_idx	chunks	0	0	1	0		1
lunaris_git_5606c538dad518d1_communities_idx	communities	0	1	0	0		1
lunaris_git_b27263fc6645e999_chunks_idx	chunks	0	1	0	0		1
lunaris_git_521cd70a0c91ac69_communities_idx	communities	0	0	0	0		0
lunaris_git_551e33cebc1a44a9_communities_idx	communities	0	0	0	0		0
lunaris_git_b27263fc6645e999_communities_idx	communities	0	0	0	0		0
lunaris_git_551e33cebc1a44a9_chunks_idx	chunks	0	0	0	0		0
lunaris_git_f8dcd0e4c5bca11e_communities_idx	communities	0	0	0	0		0
lunaris_git_1557636cbea7c6fd_chunks_idx	chunks	0	0	0	0		0
lunaris_git_f8dcd0e4c5bca11e_chunks_idx	chunks	0	0	0	0		0
lunaris_git_521cd70a0c91ac69_chunks_idx	chunks	0	0	0	0		0
lunaris_git_424c37573c0a2cc4_chunks_idx	chunks	0	0	0	0		0
lunaris_git_88a4feca87404614_chunks_idx	chunks	0	0	0	0		0
