elapsed_s	keys_done	delta_keys	delta_s	keys_per_s	ms_per_key	frac
10.95	96	48	10.95	4.38	228.14	0.0003
24.45	128	32	13.50	2.37	421.74	0.0004
36.31	208	80	11.87	6.74	148.32	0.0007
47.01	256	48	10.70	4.49	222.95	0.0009
57.86	272	16	10.84	1.48	677.66	0.0009
71.76	304	32	13.90	2.30	434.43	0.0010
82.40	352	48	10.64	4.51	221.69	0.0012
94.40	400	48	12.00	4.00	249.95	0.0014
108.77	512	112	14.38	7.79	128.37	0.0017
128.80	624	112	20.03	5.59	178.82	0.0021
139.95	672	48	11.15	4.30	232.33	0.0023
151.96	736	64	12.01	5.33	187.59	0.0025
162.29	800	64	10.33	6.19	161.45	0.0027
174.57	1408	608	12.28	49.51	20.20	0.0048
185.15	1888	480	10.58	45.38	22.04	0.0064
203.82	1952	64	18.68	3.43	291.80	0.0067
214.96	2480	528	11.14	47.41	21.09	0.0085
228.15	2576	96	13.19	7.28	137.38	0.0088
244.42	2672	96	16.27	5.90	169.52	0.0091
257.25	8000	5328	12.83	415.43	2.41	0.0273
273.02	9104	1104	15.77	70.00	14.29	0.0310
283.08	9264	160	10.05	15.91	62.84	0.0316
294.80	9344	80	11.72	6.83	146.52	0.0318
310.55	9408	64	15.76	4.06	246.18	0.0321
322.41	9472	64	11.86	5.40	185.30	0.0323
341.07	9536	64	18.65	3.43	291.46	0.0325
351.13	9616	80	10.07	7.95	125.86	0.0328
362.17	9680	64	11.03	5.80	172.39	0.0330
373.91	9712	32	11.74	2.72	366.99	0.0331
386.18	9776	64	12.27	5.22	191.74	0.0333
399.05	10624	848	12.87	65.88	15.18	0.0362
411.39	10720	96	12.34	7.78	128.49	0.0365
429.99	10816	96	18.60	5.16	193.76	0.0369
444.04	10832	16	14.05	1.14	877.95	0.0369
455.80	10912	80	11.76	6.80	147.05	0.0372
473.16	10944	32	17.36	1.84	542.45	0.0373
497.09	10976	32	23.93	1.34	747.92	0.0374
508.57	11024	48	11.48	4.18	239.18	0.0376
521.80	11312	288	13.23	21.78	45.92	0.0385
537.31	11344	32	15.51	2.06	484.55	0.0387
547.67	11392	48	10.37	4.63	216.00	0.0388
559.02	13344	1952	11.35	172.00	5.81	0.0455
578.00	13376	32	18.98	1.69	593.09	0.0456
594.46	13440	64	16.45	3.89	257.10	0.0458
607.06	13472	32	12.60	2.54	393.84	0.0459
624.16	13504	32	17.10	1.87	534.50	0.0460
637.87	13568	64	13.70	4.67	214.12	0.0462
650.23	13648	80	12.36	6.47	154.56	0.0465
660.25	13712	64	10.02	6.39	156.60	0.0467
670.28	14160	448	10.02	44.69	22.37	0.0483
680.51	18384	4224	10.24	412.67	2.42	0.0627
691.51	20016	1632	11.00	148.39	6.74	0.0682
701.53	21824	1808	10.02	180.47	5.54	0.0744
711.55	26896	5072	10.02	506.28	1.98	0.0917
721.57	28912	2016	10.02	201.19	4.97	0.0985
734.85	29968	1056	13.28	79.51	12.58	0.1021
744.86	31440	1472	10.01	147.08	6.80	0.1071
754.90	34016	2576	10.04	256.55	3.90	0.1159
765.40	35216	1200	10.50	114.24	8.75	0.1200
776.15	37440	2224	10.74	206.98	4.83	0.1276
790.52	38992	1552	14.37	107.97	9.26	0.1329
801.69	39072	80	11.17	7.16	139.58	0.1332
811.71	43392	4320	10.02	431.17	2.32	0.1479
821.73	47312	3920	10.02	391.09	2.56	0.1612
831.75	50592	3280	10.02	327.44	3.05	0.1724
842.05	53168	2576	10.30	249.99	4.00	0.1812
852.47	54528	1360	10.42	130.55	7.66	0.1858
862.49	57152	2624	10.02	261.98	3.82	0.1948
872.53	59264	2112	10.04	210.27	4.76	0.2020
882.55	61520	2256	10.02	225.20	4.44	0.2097
892.60	64592	3072	10.05	305.69	3.27	0.2201
902.70	67824	3232	10.10	320.07	3.12	0.2311
912.82	70128	2304	10.13	227.50	4.40	0.2390
922.86	71760	1632	10.04	162.58	6.15	0.2445
932.92	73072	1312	10.06	130.43	7.67	0.2490
943.00	74720	1648	10.08	163.42	6.12	0.2546
953.05	76928	2208	10.04	219.82	4.55	0.2622
963.10	78848	1920	10.05	190.99	5.24	0.2687
973.17	81520	2672	10.07	265.42	3.77	0.2778
983.18	84048	2528	10.01	252.61	3.96	0.2864
993.32	85536	1488	10.15	146.67	6.82	0.2915
1007.20	87008	1472	13.88	106.07	9.43	0.2965
1021.84	88656	1648	14.64	112.53	8.89	0.3021
1033.53	89008	352	11.69	30.12	33.20	0.3033
1049.94	89040	32	16.41	1.95	512.80	0.3034
1062.83	89104	64	12.89	4.96	201.47	0.3037
1090.49	89248	144	27.66	5.21	192.10	0.3041
1112.78	89280	32	22.29	1.44	696.45	0.3043
1122.79	89376	96	10.00	9.60	104.22	0.3046
1132.81	89664	288	10.02	28.74	34.79	0.3056
1143.22	89760	96	10.41	9.22	108.46	0.3059
1167.26	89872	112	24.05	4.66	214.70	0.3063
1181.54	89920	48	14.27	3.36	297.34	0.3064
1206.44	89984	64	24.90	2.57	389.13	0.3067
1223.55	90064	80	17.11	4.67	213.91	0.3069
1252.13	90112	48	28.58	1.68	595.42	0.3071
1355.49	90160	48	103.36	0.46	2153.30	0.3073
1375.47	90192	32	19.98	1.60	624.39	0.3074
1403.62	90256	64	28.15	2.27	439.81	0.3076
1437.48	90304	48	33.86	1.42	705.51	0.3077
1483.77	90352	48	46.28	1.04	964.25	0.3079
1501.35	90400	48	17.59	2.73	366.38	0.3081
1521.45	90480	80	20.09	3.98	251.14	0.3083
1548.51	90528	48	27.07	1.77	563.93	0.3085
1560.23	90576	48	11.71	4.10	244.01	0.3087
1576.80	90656	80	16.57	4.83	207.13	0.3089
1602.10	90736	80	25.30	3.16	316.25	0.3092
1618.47	90784	48	16.37	2.93	341.13	0.3094
1635.43	90848	64	16.96	3.77	265.06	0.3096
1646.77	90880	32	11.34	2.82	354.27	0.3097
1656.92	90928	48	10.15	4.73	211.36	0.3099
1667.28	90992	64	10.37	6.17	162.00	0.3101
1677.56	91040	48	10.27	4.67	214.01	0.3103
1687.99	91568	528	10.44	50.59	19.77	0.3121
1720.18	91584	16	32.19	0.50	2011.69	0.3121
1730.19	92080	496	10.01	49.54	20.19	0.3138
1740.19	96880	4800	10.00	479.99	2.08	0.3302
1750.22	102720	5840	10.02	582.55	1.72	0.3501
1760.75	107840	5120	10.53	486.05	2.06	0.3675
1778.73	107920	80	17.98	4.45	224.77	0.3678
1811.15	107984	64	32.41	1.97	506.46	0.3680
1864.45	108032	48	53.30	0.90	1110.45	0.3682
1884.42	108064	32	19.97	1.60	624.03	0.3683
1906.48	108112	48	22.06	2.18	459.69	0.3684
1934.68	108176	64	28.19	2.27	440.51	0.3686
1950.81	108192	16	16.14	0.99	1008.66	0.3687
1965.86	108240	48	15.05	3.19	313.47	0.3689
2000.22	108272	32	34.36	0.93	1073.87	0.3690
2013.35	108352	80	13.12	6.10	164.04	0.3692
2026.37	108416	64	13.03	4.91	203.53	0.3695
2047.43	108480	64	21.06	3.04	329.02	0.3697
2060.25	108544	64	12.82	4.99	200.27	0.3699
2073.23	108592	48	12.98	3.70	270.47	0.3701
2091.17	108640	48	17.93	2.68	373.64	0.3702
2102.90	108688	48	11.73	4.09	244.41	0.3704
2113.04	108784	96	10.14	9.46	105.67	0.3707
2144.46	108864	80	31.42	2.55	392.72	0.3710
2157.65	108928	64	13.19	4.85	206.17	0.3712
2190.48	108992	64	32.82	1.95	512.85	0.3714
2200.90	109040	48	10.43	4.60	217.26	0.3716
2217.42	109072	32	16.52	1.94	516.26	0.3717
2227.65	109120	48	10.22	4.69	213.00	0.3719
2241.52	109184	64	13.87	4.62	216.68	0.3721
2253.87	110144	960	12.36	77.70	12.87	0.3754
2265.49	110224	80	11.62	6.88	145.28	0.3756
2281.69	110256	32	16.19	1.98	506.00	0.3757
2300.47	110272	16	18.78	0.85	1173.73	0.3758
2310.57	110368	96	10.10	9.50	105.24	0.3761
2347.56	110400	32	36.99	0.87	1156.05	0.3762
2376.10	110464	64	28.54	2.24	445.95	0.3764
2397.01	110496	32	20.91	1.53	653.44	0.3766
2412.81	110592	96	15.79	6.08	164.52	0.3769
2422.89	110720	128	10.09	12.69	78.81	0.3773
2438.09	110832	112	15.19	7.37	135.66	0.3777
2462.33	110864	32	24.24	1.32	757.60	0.3778
2495.88	110944	80	33.55	2.38	419.33	0.3781
2506.33	111008	64	10.45	6.12	163.34	0.3783
2527.36	111040	32	21.03	1.52	657.13	0.3784
2549.59	111056	16	22.23	0.72	1389.52	0.3785
2590.80	111120	64	41.21	1.55	643.86	0.3787
2605.83	111168	48	15.03	3.19	313.13	0.3788
2646.75	111248	80	40.92	1.95	511.53	0.3791
2656.78	111312	64	10.03	6.38	156.75	0.3793
2685.32	111504	192	28.54	6.73	148.63	0.3800
2696.64	111552	48	11.32	4.24	235.73	0.3802
2707.86	111600	48	11.22	4.28	233.81	0.3803
2724.51	111648	48	16.65	2.88	346.85	0.3805
2743.29	111712	64	18.78	3.41	293.43	0.3807
2757.79	111808	96	14.50	6.62	151.09	0.3810
2784.46	111904	96	26.67	3.60	277.76	0.3814
2798.76	112096	192	14.31	13.42	74.52	0.3820
2814.93	112176	80	16.17	4.95	202.06	0.3823
2825.19	112272	96	10.26	9.35	106.91	0.3826
2835.26	113136	864	10.07	85.81	11.65	0.3856
2845.29	113680	544	10.03	54.23	18.44	0.3874
2857.88	114448	768	12.59	61.02	16.39	0.3900
2867.89	114752	304	10.01	30.36	32.94	0.3911
2877.96	116016	1264	10.07	125.52	7.97	0.3954
2887.98	117920	1904	10.01	190.14	5.26	0.4019
2898.12	119152	1232	10.14	121.49	8.23	0.4061
2910.69	119264	112	12.58	8.91	112.29	0.4064
2920.71	120320	1056	10.02	105.38	9.49	0.4100
2936.59	121680	1360	15.87	85.68	11.67	0.4147
2947.38	121744	64	10.79	5.93	168.66	0.4149
2957.80	121824	80	10.42	7.68	130.21	0.4152
2968.18	123344	1520	10.38	146.42	6.83	0.4203
2979.38	123632	288	11.20	25.71	38.89	0.4213
2989.61	124736	1104	10.23	107.94	9.26	0.4251
3002.64	125392	656	13.03	50.36	19.86	0.4273
3012.69	126512	1120	10.05	111.40	8.98	0.4311
3022.71	128016	1504	10.02	150.10	6.66	0.4363
3032.77	129152	1136	10.06	112.92	8.86	0.4401
3043.02	129376	224	10.25	21.86	45.74	0.4409
3053.47	129600	224	10.45	21.43	46.66	0.4417
3063.49	131280	1680	10.02	167.71	5.96	0.4474
3073.52	132608	1328	10.04	132.33	7.56	0.4519
3087.38	133984	1376	13.86	99.31	10.07	0.4566
3098.97	134688	704	11.59	60.74	16.46	0.4590
3111.99	134752	64	13.02	4.92	203.45	0.4592
3122.49	135056	304	10.50	28.95	34.55	0.4603
3136.01	135120	64	13.52	4.73	211.29	0.4605
3147.36	135184	64	11.34	5.64	177.22	0.4607
3159.40	135248	64	12.04	5.31	188.19	0.4609
3174.45	135312	64	15.05	4.25	235.18	0.4611
3186.80	135360	48	12.35	3.89	257.25	0.4613
3247.46	135408	48	60.66	0.79	1263.73	0.4615
3258.04	135456	48	10.58	4.54	220.40	0.4616
3270.73	135616	160	12.70	12.60	79.35	0.4622
3281.10	135744	128	10.37	12.35	80.99	0.4626
3292.54	137024	1280	11.45	111.83	8.94	0.4670
3302.92	138336	1312	10.38	126.44	7.91	0.4714
3341.35	138400	64	38.42	1.67	600.38	0.4716
3353.52	138448	48	12.18	3.94	253.72	0.4718
3402.03	138480	32	48.50	0.66	1515.64	0.4719
3412.08	138672	192	10.05	19.10	52.35	0.4726
3423.21	139776	1104	11.14	99.12	10.09	0.4763
3434.81	140320	544	11.60	46.90	21.32	0.4782
3445.78	140448	128	10.96	11.68	85.65	0.4786
3460.64	140896	448	14.87	30.13	33.19	0.4802
3470.74	141040	144	10.10	14.26	70.12	0.4806
3480.80	142448	1408	10.06	139.93	7.15	0.4854
3490.82	144128	1680	10.01	167.79	5.96	0.4912
3500.84	146768	2640	10.02	263.35	3.80	0.5002
3510.85	149072	2304	10.01	230.24	4.34	0.5080
3520.87	151152	2080	10.02	207.64	4.82	0.5151
3530.88	154144	2992	10.02	298.73	3.35	0.5253
3540.94	156224	2080	10.06	206.85	4.83	0.5324
3551.00	158352	2128	10.06	211.43	4.73	0.5396
3561.68	161088	2736	10.67	256.32	3.90	0.5490
3571.69	163056	1968	10.01	196.57	5.09	0.5557
3581.72	164960	1904	10.03	189.82	5.27	0.5622
3591.72	167520	2560	10.00	255.97	3.91	0.5709
3601.76	170400	2880	10.04	286.81	3.49	0.5807
3611.84	172880	2480	10.08	246.03	4.06	0.5892
3621.87	175552	2672	10.03	266.33	3.75	0.5983
3631.95	177920	2368	10.07	235.10	4.25	0.6063
3642.01	180032	2112	10.06	209.91	4.76	0.6135
3652.03	182848	2816	10.03	280.89	3.56	0.6231
3663.20	184480	1632	11.16	146.19	6.84	0.6287
3675.94	185680	1200	12.74	94.18	10.62	0.6328
3687.18	186400	720	11.24	64.03	15.62	0.6352
3698.20	186944	544	11.02	49.36	20.26	0.6371
3712.11	187168	224	13.91	16.11	62.08	0.6378
3722.16	187392	224	10.05	22.28	44.89	0.6386
3738.42	187472	80	16.26	4.92	203.19	0.6389
3748.43	187968	496	10.01	49.56	20.18	0.6406
3758.50	189440	1472	10.07	146.12	6.84	0.6456
3768.85	190464	1024	10.35	98.93	10.11	0.6491
3778.90	192560	2096	10.04	208.66	4.79	0.6562
3789.86	193264	704	10.96	64.24	15.57	0.6586
3800.20	193392	128	10.34	12.38	80.79	0.6591
3810.69	193664	272	10.49	25.92	38.57	0.6600
3820.72	194928	1264	10.03	126.00	7.94	0.6643
3830.73	197264	2336	10.01	233.38	4.28	0.6722
3840.77	199472	2208	10.04	219.99	4.55	0.6798
3850.78	201440	1968	10.01	196.52	5.09	0.6865
3862.70	203312	1872	11.92	157.09	6.37	0.6929
3872.78	205904	2592	10.09	256.95	3.89	0.7017
3882.82	207344	1440	10.03	143.51	6.97	0.7066
3892.87	208608	1264	10.05	125.77	7.95	0.7109
3905.02	210192	1584	12.15	130.34	7.67	0.7163
3915.07	211360	1168	10.05	116.25	8.60	0.7203
3933.24	211840	480	18.17	26.42	37.85	0.7219
3943.26	212016	176	10.02	17.56	56.94	0.7225
3956.08	212976	960	12.82	74.86	13.36	0.7258
3966.52	213168	192	10.43	18.41	54.33	0.7264
3981.18	213664	496	14.67	33.81	29.57	0.7281
3994.32	213728	64	13.13	4.87	205.20	0.7284
4006.55	213760	32	12.23	2.62	382.20	0.7285
4023.38	213792	32	16.83	1.90	525.86	0.7286
4043.04	213872	80	19.66	4.07	245.74	0.7288
4073.10	213920	48	30.06	1.60	626.35	0.7290
4109.93	213968	48	36.83	1.30	767.22	0.7292
4127.30	214064	96	17.38	5.52	181.01	0.7295
4139.39	214208	144	12.08	11.92	83.91	0.7300
4151.58	214288	80	12.20	6.56	152.45	0.7303
4162.43	214400	112	10.85	10.32	96.88	0.7306
4177.95	214496	96	15.51	6.19	161.61	0.7310
4189.76	214704	208	11.81	17.61	56.79	0.7317
4199.79	216368	1664	10.03	165.83	6.03	0.7374
4209.84	217760	1392	10.05	138.57	7.22	0.7421
4219.84	218384	624	10.00	62.39	16.03	0.7442
4229.86	219760	1376	10.02	137.27	7.28	0.7489
4240.00	220928	1168	10.14	115.24	8.68	0.7529
4250.07	221664	736	10.07	73.08	13.68	0.7554
4260.55	222224	560	10.48	53.46	18.71	0.7573
4271.98	222528	304	11.44	26.58	37.63	0.7583
4282.04	222768	240	10.05	23.88	41.88	0.7592
4296.88	222928	160	14.84	10.78	92.75	0.7597
4309.69	223008	80	12.81	6.24	160.14	0.7600
4319.80	223072	64	10.11	6.33	157.97	0.7602
4335.26	223216	144	15.46	9.31	107.37	0.7607
4345.98	223264	48	10.72	4.48	223.31	0.7609
4356.41	223360	96	10.44	9.20	108.70	0.7612
4366.56	223552	192	10.15	18.92	52.85	0.7618
4378.55	223776	224	11.99	18.68	53.55	0.7626
4390.49	223920	144	11.93	12.07	82.88	0.7631
4400.50	224176	256	10.01	25.57	39.10	0.7640
4410.50	225536	1360	10.00	135.99	7.35	0.7686
4420.57	226816	1280	10.07	127.07	7.87	0.7730
4440.14	227312	496	19.57	25.35	39.46	0.7746
4450.16	227632	320	10.02	31.94	31.31	0.7757
4460.74	227872	240	10.58	22.68	44.09	0.7766
4470.85	228208	336	10.11	33.23	30.09	0.7777
4481.20	228368	160	10.34	15.47	64.65	0.7782
4491.35	228880	512	10.16	50.41	19.84	0.7800
4501.46	229424	544	10.11	53.82	18.58	0.7818
4513.28	230336	912	11.82	77.16	12.96	0.7850
4525.31	230672	336	12.03	27.93	35.80	0.7861
4535.46	232432	1760	10.15	173.44	5.77	0.7921
4547.02	232752	320	11.56	27.69	36.11	0.7932
4557.15	233088	336	10.13	33.17	30.14	0.7943
4567.71	233280	192	10.57	18.17	55.03	0.7950
4577.83	234752	1472	10.11	145.54	6.87	0.8000
4587.89	236144	1392	10.07	138.25	7.23	0.8047
4598.18	238064	1920	10.29	186.65	5.36	0.8113
4608.22	239856	1792	10.04	178.55	5.60	0.8174
4618.22	241392	1536	10.00	153.58	6.51	0.8226
4628.25	242768	1376	10.03	137.21	7.29	0.8273
4639.15	244048	1280	10.90	117.44	8.51	0.8317
4649.16	249696	5648	10.01	564.12	1.77	0.8509
4659.25	251440	1744	10.09	172.84	5.79	0.8569
4669.26	253232	1792	10.01	178.93	5.59	0.8630
4679.31	254800	1568	10.04	156.12	6.41	0.8683
4689.34	256256	1456	10.03	145.13	6.89	0.8733
4699.44	256992	736	10.11	72.83	13.73	0.8758
4709.60	257888	896	10.15	88.25	11.33	0.8788
4719.62	258784	896	10.03	89.37	11.19	0.8819
4729.68	259600	816	10.06	81.11	12.33	0.8847
4740.49	262112	2512	10.81	232.37	4.30	0.8932
4750.52	263040	928	10.02	92.58	10.80	0.8964
4760.57	264224	1184	10.05	117.84	8.49	0.9004
4770.58	265216	992	10.01	99.08	10.09	0.9038
4780.62	265408	192	10.04	19.13	52.28	0.9045
4791.92	266336	928	11.30	82.12	12.18	0.9076
4801.99	267040	704	10.08	69.87	14.31	0.9100
4812.00	268304	1264	10.01	126.28	7.92	0.9143
4824.73	268688	384	12.73	30.17	33.14	0.9157
4837.10	268784	96	12.37	7.76	128.90	0.9160
4847.18	269440	656	10.07	65.11	15.36	0.9182
4862.65	270128	688	15.47	44.46	22.49	0.9206
4874.25	270320	192	11.59	16.56	60.38	0.9212
4886.88	270400	80	12.64	6.33	157.94	0.9215
4903.53	270464	64	16.65	3.84	260.16	0.9217
4916.76	270560	96	13.23	7.25	137.84	0.9220
4928.97	270624	64	12.21	5.24	190.77	0.9222
4939.99	270640	16	11.02	1.45	688.82	0.9223
4953.45	270672	32	13.46	2.38	420.61	0.9224
4978.38	270736	64	24.93	2.57	389.52	0.9226
4996.03	270816	80	17.65	4.53	220.59	0.9229
5011.45	270896	80	15.42	5.19	192.70	0.9232
5021.95	270976	80	10.51	7.61	131.32	0.9234
5040.58	271040	64	18.62	3.44	290.98	0.9237
5051.82	271120	80	11.25	7.11	140.62	0.9239
5064.99	271248	128	13.16	9.72	102.84	0.9244
5078.47	271296	48	13.48	3.56	280.88	0.9245
5088.60	271536	240	10.13	23.69	42.21	0.9254
5101.96	271600	64	13.36	4.79	208.73	0.9256
5113.50	271664	64	11.54	5.54	180.37	0.9258
5125.57	271696	32	12.07	2.65	377.15	0.9259
5138.50	271760	64	12.93	4.95	202.00	0.9261
5152.17	271824	64	13.67	4.68	213.59	0.9263
5163.14	271888	64	10.97	5.83	171.45	0.9266
5216.58	271904	16	53.44	0.30	3339.76	0.9266
5238.01	271952	48	21.43	2.24	446.43	0.9268
5255.67	272000	48	17.66	2.72	367.92	0.9269
5273.13	272048	48	17.46	2.75	363.78	0.9271
5288.57	272112	64	15.45	4.14	241.33	0.9273
5309.68	272144	32	21.10	1.52	659.50	0.9274
5320.40	272224	80	10.72	7.46	133.97	0.9277
5332.11	272240	16	11.71	1.37	732.07	0.9278
5347.92	272320	80	15.81	5.06	197.63	0.9280
5359.62	272336	16	11.70	1.37	731.48	0.9281
5372.41	272400	64	12.79	5.00	199.84	0.9283
5384.79	274048	1648	12.37	133.18	7.51	0.9339
5401.04	274080	32	16.26	1.97	507.99	0.9340
5427.46	274144	64	26.42	2.42	412.75	0.9342
5438.77	274192	48	11.31	4.24	235.66	0.9344
5451.09	274288	96	12.32	7.79	128.32	0.9347
5461.57	274320	32	10.48	3.05	327.61	0.9348
5480.69	274384	64	19.12	3.35	298.70	0.9351
5491.80	274416	32	11.11	2.88	347.16	0.9352
5507.20	274496	80	15.40	5.19	192.50	0.9354
5529.30	274544	48	22.11	2.17	460.54	0.9356
5547.43	274592	48	18.12	2.65	377.57	0.9358
5567.70	274640	48	20.28	2.37	422.45	0.9359
5579.61	274672	32	11.90	2.69	371.92	0.9360
5593.39	274896	224	13.78	16.25	61.52	0.9368
5608.92	275040	144	15.54	9.27	107.89	0.9373
5623.85	275104	64	14.92	4.29	233.17	0.9375
5639.73	275136	32	15.88	2.01	496.28	0.9376
5655.01	275232	96	15.29	6.28	159.24	0.9380
5669.84	275296	64	14.82	4.32	231.57	0.9382
5683.10	275328	32	13.26	2.41	414.41	0.9383
5708.81	275408	80	25.71	3.11	321.43	0.9386
5719.61	275488	80	10.79	7.41	134.93	0.9388
5737.41	275520	32	17.80	1.80	556.38	0.9389
5748.39	275552	32	10.98	2.91	343.19	0.9390
5760.37	275632	80	11.98	6.68	149.79	0.9393
5770.40	275968	336	10.03	33.51	29.84	0.9405
5780.49	276704	736	10.09	72.97	13.71	0.9430
5792.71	277728	1024	12.23	83.76	11.94	0.9465
5803.46	277808	80	10.74	7.45	134.31	0.9467
5814.28	277856	48	10.82	4.44	225.48	0.9469
5826.15	277904	48	11.87	4.04	247.36	0.9471
5839.04	278000	96	12.88	7.45	134.19	0.9474
5849.55	278640	640	10.51	60.88	16.43	0.9496
5859.57	278784	144	10.03	14.36	69.63	0.9501
5872.31	278864	80	12.73	6.28	159.16	0.9503
5893.86	278944	80	21.56	3.71	269.48	0.9506
5910.60	278992	48	16.73	2.87	348.57	0.9508
5921.22	279056	64	10.63	6.02	166.05	0.9510
5931.99	279136	80	10.77	7.43	134.57	0.9513
5943.78	279456	320	11.79	27.14	36.85	0.9523
5955.46	279664	208	11.68	17.80	56.17	0.9531
5965.50	280480	816	10.04	81.27	12.30	0.9558
5975.52	281344	864	10.02	86.24	11.60	0.9588
5985.55	282544	1200	10.02	119.71	8.35	0.9629
5995.61	284336	1792	10.06	178.12	5.61	0.9690
6005.62	285920	1584	10.02	158.14	6.32	0.9744
6018.89	287488	1568	13.26	118.24	8.46	0.9797
6031.77	288976	1488	12.88	115.49	8.66	0.9848
6041.81	290592	1616	10.04	160.96	6.21	0.9903
6053.45	291232	640	11.64	54.97	18.19	0.9925
6064.98	291360	128	11.53	11.10	90.07	0.9929
6076.82	291680	320	11.84	27.03	36.99	0.9940
6092.29	291760	80	15.47	5.17	193.34	0.9943
6108.45	291824	64	16.16	3.96	252.49	0.9945
6118.51	291888	64	10.07	6.36	157.28	0.9947
6132.80	291968	80	14.29	5.60	178.58	0.9950
6152.47	292000	32	19.67	1.63	614.64	0.9951
6162.47	292224	224	10.01	22.38	44.67	0.9959
