rt,rep,arm,rb_exit,err,used_memory,cold_grave_bytes,compactions,pending,rdb_changes,dbsize
monoio,1,w2a-fa3f751,0,,12613940,2125264,,,400000,49988
monoio,1,i2b-fe6fb20,1,Error from server: OOM command,13081316,2227960,200,200,395889,49989
monoio,1,i2b-fe6fb20@hold,0,,12645956,2167152,0,0,400000,49981
tokio,1,w2a-fa3f751,0,,12556228,2141184,,,400000,49988
tokio,1,i2b-fe6fb20,1,Error from server: OOM command,13007940,1804976,185,185,333477,49936
tokio,1,i2b-fe6fb20@hold,0,,12580644,2166400,0,0,400000,49975
monoio,2,i2b-fe6fb20,1,Error from server: OOM command,13094596,2204512,197,197,391409,49987
monoio,2,i2b-fe6fb20@hold,0,,12681092,2125264,0,0,400000,49989
monoio,2,w2a-fa3f751,0,,12718452,2128400,,,400000,49982
tokio,2,i2b-fe6fb20,1,Error from server: OOM command,13033924,1895792,187,187,347958,49950
tokio,2,i2b-fe6fb20@hold,0,,12779604,2154104,0,0,400000,49986
tokio,2,w2a-fa3f751,0,,12653508,2163400,,,400000,49978
monoio,3,i2b-fe6fb20@hold,0,,12707508,2116016,0,0,400000,49980
monoio,3,w2a-fa3f751,0,,12646132,2122040,,,400000,49982
monoio,3,i2b-fe6fb20,0,,12971060,2255784,185,185,400000,49988
tokio,3,i2b-fe6fb20@hold,0,,12932820,2160640,0,0,400000,49982
tokio,3,w2a-fa3f751,0,,12737684,2171584,,,400000,49977
tokio,3,i2b-fe6fb20,1,Error from server: OOM command,13084756,1751736,191,191,324571,49912
monoio,4,w2a-fa3f751,0,,12888052,2141016,,,400000,49977
monoio,4,i2b-fe6fb20,1,Error from server: OOM command,13033716,2088360,194,194,376101,49968
monoio,4,i2b-fe6fb20@hold,0,,12729556,2162000,0,0,400000,49984
tokio,4,w2a-fa3f751,0,,12721876,2177472,,,400000,49986
tokio,4,i2b-fe6fb20,1,Error from server: OOM command,13072276,1613472,182,182,305181,49871
tokio,4,i2b-fe6fb20@hold,0,,12651284,2133568,0,0,400000,49978
monoio,5,i2b-fe6fb20,0,,12988420,2252000,181,181,400000,49979
monoio,5,i2b-fe6fb20@hold,0,,12675428,2121080,0,0,400000,49985
monoio,5,w2a-fa3f751,0,,12649220,2127256,,,400000,49979
tokio,5,i2b-fe6fb20,1,Error from server: OOM command,12934612,1907920,183,183,348257,49953
tokio,5,i2b-fe6fb20@hold,0,,12672132,2135328,0,0,400000,49980
tokio,5,w2a-fa3f751,0,,12680820,2160552,,,400000,49977
